guide_id,name,category,endpoint,target
lsEfYdListGuide,현행법령(시행일) 목록 조회,법령,lawSearch.do,eflaw
lsEfYdInfoGuide,현행법령(시행일) 본문 조회,법령,lawService.do,eflaw
lsNwListGuide,현행법령(공포일) 목록 조회,법령,lawSearch.do,law
lsNwInfoGuide,현행법령(공포일) 본문 조회,법령,lawService.do,law
lsHstListGuide,법령 연혁 목록 조회,법령,lawSearch.do,lsHistory
lsHstInfoGuide,법령 연혁 본문 조회,법령,lawService.do,lsHistory
lsEfYdJoListGuide,현행법령(시행일) 본문 조항호목 조회,법령,lawService.do,eflawjosub
lsNwJoListGuide,현행법령(공포일) 본문 조항호목 조회,법령,lawService.do,lawjosub
lsEngListGuide,영문 법령 목록 조회,법령,lawSearch.do,elaw
lsEngInfoGuide,영문 법령 본문 조회,법령,lawService.do,elaw
lsChgListGuide,법령 변경이력 목록 조회,법령,lawSearch.do,lsHstInf
lsDayJoRvsListGuide,일자별 조문 개정 이력 목록 조회,법령,lawSearch.do,lsJoHstInf
lsJoChgListGuide,조문별 변경 이력 목록 조회,법령,lawService.do,lsJoHstInf
lsOrdinConListGuide,법령 기준 자치법규 연계 관련 목록 조회,자치법규,lawSearch.do,lnkLs
lsOrdinConGuide,법령-자치법규 연계현황 조회,자치법규,lawSearch.do,drlaw
lsDelegated,위임법령 조회,법령,lawService.do,lsDelegated
lsStmdListGuide,법령 체계도 목록 조회,법령,lawSearch.do,lsStmd
lsStmdInfoGuide,법령 체계도 본문 조회,법령,lawService.do,lsStmd
oldAndNewListGuide,신구법 목록 조회,법령,lawSearch.do,oldAndNew
oldAndNewInfoGuide,신구법 본문 조회,법령,lawService.do,oldAndNew
thdCmpListGuide,3단 비교 목록 조회,법령,lawSearch.do,thdCmp
thdCmpInfoGuide,3단 비교 본문 조회,법령,lawService.do,thdCmp
lsAbrvListGuide,법률명 약칭 조회,법령,lawSearch.do,lsAbrv
datDelHstGuide,삭제 데이터 목록 조회,법령,lawSearch.do,delHst
oneViewListGuide,한눈보기 목록 조회,법령,lawSearch.do,oneview
oneViewInfoGuide,한눈보기 본문 조회,법령,lawService.do,oneview
admrulListGuide,행정규칙 목록 조회,행정규칙,lawSearch.do,admrul
admrulInfoGuide,행정규칙 본문 조회,행정규칙,lawService.do,admrul
admrulOldAndNewListGuide,행정규칙 신구법 비교 목록 조회,행정규칙,lawSearch.do,admrulOldAndNew
admrulOldAndNewInfoGuide,행정규칙 신구법 비교 본문 조회,행정규칙,lawService.do,admrulOldAndNew
ordinListGuide,자치법규 목록 조회,자치법규,lawSearch.do,ordin
ordinInfoGuide,자치법규 본문 조회,자치법규,lawService.do,ordin
ordinLsConListGuide,자치법규 기준 법령 연계 관련 목록 조회,자치법규,lawSearch.do,lnkOrd
precListGuide,판례 목록 조회,판례·결정례·해석례,lawSearch.do,prec
precInfoGuide,판례 본문 조회,판례·결정례·해석례,lawService.do,prec
detcListGuide,헌재결정례 목록 조회,판례·결정례·해석례,lawSearch.do,detc
detcInfoGuide,헌재결정례 본문 조회,판례·결정례·해석례,lawService.do,detc
expcListGuide,법령해석례 목록 조회,판례·결정례·해석례,lawSearch.do,expc
expcInfoGuide,법령해석례 본문 조회,판례·결정례·해석례,lawService.do,expc
deccListGuide,행정심판례 목록 조회,판례·결정례·해석례,lawSearch.do,decc
deccInfoGuide,행정심판례 본문 조회,판례·결정례·해석례,lawService.do,decc
ppcListGuide,개인정보보호위원회 결정문 목록 조회,위원회 결정문,lawSearch.do,ppc
ppcInfoGuide,개인정보보호위원회 결정문 본문 조회,위원회 결정문,lawService.do,ppc
eiacListGuide,고용보험심사위원회 결정문 목록 조회,위원회 결정문,lawSearch.do,eiac
eiacInfoGuide,고용보험심사위원회 결정문 본문 조회,위원회 결정문,lawService.do,eiac
ftcListGuide,공정거래위원회 결정문 목록 조회,위원회 결정문,lawSearch.do,ftc
ftcInfoGuide,공정거래위원회 결정문 본문 조회,위원회 결정문,lawService.do,ftc
acrListGuide,국민권익위원회 결정문 목록 조회,위원회 결정문,lawSearch.do,acr
acrInfoGuide,국민권익위원회 결정문 본문 조회,위원회 결정문,lawService.do,acr
fscListGuide,금융위원회 결정문 목록 조회,위원회 결정문,lawSearch.do,fsc
fscInfoGuide,금융위원회 결정문 본문 조회,위원회 결정문,lawService.do,fsc
nlrcListGuide,노동위원회 결정문 목록 조회,위원회 결정문,lawSearch.do,nlrc
nlrcInfoGuide,노동위원회 결정문 본문 조회,위원회 결정문,lawService.do,nlrc
kccListGuide,방송미디어통신위원회,위원회 결정문,lawSearch.do,kcc
kccInfoGuide,방송미디어통신위원회,위원회 결정문,lawService.do,kcc
iaciacListGuide,산업재해보상보험재심사위원회,위원회 결정문,lawSearch.do,iaciac
iaciacInfoGuide,산업재해보상보험재심사위원회,위원회 결정문,lawService.do,iaciac
ocltListGuide,중앙토지수용위원회 결정문 목록 조회,위원회 결정문,lawSearch.do,oclt
ocltInfoGuide,중앙토지수용위원회 결정문 본문 조회,위원회 결정문,lawService.do,oclt
eccListGuide,중앙환경분쟁조정위원회 결정문 목록 조회,위원회 결정문,lawSearch.do,ecc
eccInfoGuide,중앙환경분쟁조정위원회 결정문 본문 조회,위원회 결정문,lawService.do,ecc
sfcListGuide,증권선물위원회 결정문 목록 조회,위원회 결정문,lawSearch.do,sfc
sfcInfoGuide,증권선물위원회 결정문 본문 조회,위원회 결정문,lawService.do,sfc
nhrckListGuide,국가인권위원회 결정문 목록 조회,위원회 결정문,lawSearch.do,nhrck
nhrckInfoGuide,국가인권위원회 결정문 본문 조회,위원회 결정문,lawService.do,nhrck
trtyListGuide,조약 목록 조회,조약·학칙,lawSearch.do,trty
trtyInfoGuide,조약 본문 조회,조약·학칙,lawService.do,trty
lsBylListGuide,법령 별표ㆍ서식 목록 조회,별표·서식,lawSearch.do,licbyl
admrulBylListGuide,행정규칙 별표ㆍ서식 목록 조회,별표·서식,lawSearch.do,admbyl
ordinBylListGuide,자치법규 별표ㆍ서식 목록 조회,별표·서식,lawSearch.do,ordinbyl
schlPubRulListGuide,학칙ㆍ공단ㆍ공공기관 목록 조회,조약·학칙,lawSearch.do,school
schlPubRulInfoGuide,학칙ㆍ공단ㆍ공공기관 본문 조회,조약·학칙,lawService.do,school
lsTrmListGuide,법령 용어 목록 조회,지식베이스,lawSearch.do,lstrm
lsTrmInfoGuide,법령 용어 본문 조회,지식베이스,lawService.do,lstrm
mobLsListGuide,법령 목록 조회,모바일,lawSearch.do,law
mobLsInfoGuide,법령 본문 조회,모바일,lawService.do,law
mobAdmrulListguide,행정규칙 목록 조회,모바일,lawSearch.do,admrul
mobAdmrulInfoGuide,행정규칙 본문 조회,모바일,lawService.do,admrul
mobOrdinListGuide,자치법규 목록 조회,모바일,lawSearch.do,ordin
mobOrdinInfoGuide,자치법규 본문 조회,모바일,lawService.do,ordin
mobPrecListGuide,판례 목록 조회,모바일,lawSearch.do,prec
mobPrecInfoGuide,판례 본문 조회,모바일,lawService.do,prec
mobDetcListGuide,헌재결정례 목록 조회,모바일,lawSearch.do,detc
mobDetcInfoGuide,헌재결정례 본문 조회,모바일,lawService.do,detc
mobExpcListGuide,법령해석례 목록 조회,모바일,lawSearch.do,expc
mobExpcInfoGuide,법령해석례 본문 조회,모바일,lawService.do,expc
mobDeccListGuide,행정심판례 목록 조회,모바일,lawSearch.do,decc
mobDeccInfoGuide,행정심판례 본문 조회,모바일,lawService.do,decc
mobTrtyListGuide,조약 목록 조회,모바일,lawSearch.do,trty
mobTrtyInfoGuide,조약 본문 조회,모바일,lawService.do,trty
mobLsBylListGuide,법령 별표ㆍ서식 목록 조회,모바일,lawSearch.do,licbyl
mobAdmrulBylListGuide,행정규칙 별표ㆍ서식 목록 조회,모바일,lawSearch.do,admbyl
mobOrdinBylListGuide,자치법규 별표ㆍ서식 목록 조회,모바일,lawSearch.do,ordinbyl
mobLsTrmListGuide,법령 용어 목록 조회,모바일,lawSearch.do,lstrm
custLsListGuide,맞춤형 법령 목록 조회,맞춤형,lawSearch.do,couseLs
custLsJoListGuide,맞춤형 법령 조문 목록 조회,맞춤형,lawSearch.do,couseLs
custAdmrulListGuide,맞춤형 행정규칙 목록 조회,맞춤형,lawSearch.do,couseAdmrul
custAdmrulJoListGuide,맞춤형 행정규칙 조문 목록 조회,맞춤형,lawSearch.do,couseAdmrul
custOrdinListGuide,맞춤형 자치법규 목록 조회,맞춤형,lawSearch.do,couseOrdin
custOrdinJoListGuide,맞춤형 자치법규 조문 목록 조회,맞춤형,lawSearch.do,couseOrdin
lstrmAIGuide,법령용어 조회,지식베이스,lawSearch.do,lstrmAI
dlytrmGuide,일상용어 조회,지식베이스,lawSearch.do,dlytrm
lstrmRltGuide,법령용어-일상용어 연계 조회,지식베이스,lawService.do,lstrmRlt
dlytrmRltGuide,일상용어-법령용어 연계 조회,지식베이스,lawService.do,dlytrmRlt
lstrmRltJoGuide,법령용어-조문 연계 조회,지식베이스,lawService.do,lstrmRltJo
joRltLstrmGuide,조문-법령용어 연계 조회,지식베이스,lawService.do,joRltLstrm
lsRltGuide,관련법령 조회,지식베이스,lawSearch.do,lsRlt
aiSearchGuide,지능형 법령검색 시스템 검색 API 조회,지식베이스,lawSearch.do,aiSearch
aiRltLsGuide,지능형 법령검색 시스템 연관법령 API 조회,지식베이스,lawSearch.do,aiRltLs
cgmExpcMoelListGuide,고용노동부 법령해석 목록 조회,부처 법령해석,lawSearch.do,moelCgmExpc
cgmExpcMoelInfoGuide,고용노동부 법령해석 본문 조회,부처 법령해석,lawService.do,moelCgmExpc
cgmExpcMolitListGuide,국토교통부 법령해석 목록 조회,부처 법령해석,lawSearch.do,molitCgmExpc
cgmExpcMolitInfoGuide,국토교통부 법령해석 본문 조회,부처 법령해석,lawService.do,molitCgmExpc
cgmExpcMoefListGuide,재정경제부 법령해석 목록 조회,부처 법령해석,lawSearch.do,moefCgmExpc
cgmExpcMofListGuide,해양수산부 법령해석 목록 조회,부처 법령해석,lawSearch.do,mofCgmExpc
cgmExpcMofInfoGuide,해양수산부 법령해석 본문 조회,부처 법령해석,lawService.do,mofCgmExpc
cgmExpcMoisListGuide,행정안전부 법령해석 목록 조회,부처 법령해석,lawSearch.do,moisCgmExpc
cgmExpcMoisInfoGuide,행정안전부 법령해석 본문 조회,부처 법령해석,lawService.do,moisCgmExpc
cgmExpcMeListGuide,기후에너지환경부 법령해석 목록 조회,부처 법령해석,lawSearch.do,meCgmExpc
cgmExpcMeInfoGuide,기후에너지환경부 법령해석 본문 조회,부처 법령해석,lawService.do,meCgmExpc
cgmExpcKcsListGuide,관세청 법령해석 목록 조회,부처 법령해석,lawSearch.do,kcsCgmExpc
cgmExpcKcsInfoGuide,관세청 법령해석 본문 조회,부처 법령해석,lawService.do,kcsCgmExpc
cgmExpcNtsListGuide,국세청 법령해석 목록 조회,부처 법령해석,lawSearch.do,ntsCgmExpc
cgmExpcMoeListGuide,교육부 법령해석 목록,부처 법령해석,lawSearch.do,moeCgmExpc
cgmExpcMoeInfoGuide,교육부 법령해석 본문,부처 법령해석,lawService.do,moeCgmExpc
cgmExpcMsitListGuide,과학기술정보통신부,부처 법령해석,lawSearch.do,msitCgmExpc
cgmExpcMsitInfoGuide,과학기술정보통신부,부처 법령해석,lawService.do,msitCgmExpc
cgmExpcMpvaListGuide,국가보훈부 법령해석 목록,부처 법령해석,lawSearch.do,mpvaCgmExpc
cgmExpcMpvaInfoGuide,국가보훈부 법령해석 본문,부처 법령해석,lawService.do,mpvaCgmExpc
cgmExpcMndListGuide,국방부 법령해석 목록,부처 법령해석,lawSearch.do,mndCgmExpc
cgmExpcMndInfoGuide,국방부 법령해석 본문,부처 법령해석,lawService.do,mndCgmExpc
cgmExpcMafraListGuide,농림축산식품부 법령해석 목록,부처 법령해석,lawSearch.do,mafraCgmExpc
cgmExpcMafraInfoGuide,농림축산식품부 법령해석 본문,부처 법령해석,lawService.do,mafraCgmExpc
cgmExpcMcstListGuide,문화체육관광부 법령해석 목록,부처 법령해석,lawSearch.do,mcstCgmExpc
cgmExpcMcstInfoGuide,문화체육관광부 법령해석 본문,부처 법령해석,lawService.do,mcstCgmExpc
cgmExpcMojListGuide,법무부 법령해석 목록,부처 법령해석,lawSearch.do,mojCgmExpc
cgmExpcMojInfoGuide,법무부 법령해석 본문,부처 법령해석,lawService.do,mojCgmExpc
cgmExpcMohwListGuide,보건복지부 법령해석 목록,부처 법령해석,lawSearch.do,mohwCgmExpc
cgmExpcMohwInfoGuide,보건복지부 법령해석 본문,부처 법령해석,lawService.do,mohwCgmExpc
cgmExpcMotieListGuide,산업통상부 법령해석 목록,부처 법령해석,lawSearch.do,motieCgmExpc
cgmExpcMotieInfoGuide,산업통상부 법령해석 본문,부처 법령해석,lawService.do,motieCgmExpc
cgmExpcMogefListGuide,성평등가족부 법령해석 목록,부처 법령해석,lawSearch.do,mogefCgmExpc
cgmExpcMogefInfoGuide,성평등가족부 법령해석 본문,부처 법령해석,lawService.do,mogefCgmExpc
cgmExpcMofaListGuide,외교부 법령해석 목록,부처 법령해석,lawSearch.do,mofaCgmExpc
cgmExpcMofaInfoGuide,외교부 법령해석 본문,부처 법령해석,lawService.do,mofaCgmExpc
cgmExpcMssListGuide,중소벤처기업부 법령해석 목록,부처 법령해석,lawSearch.do,mssCgmExpc
cgmExpcMssInfoGuide,중소벤처기업부 법령해석 본문,부처 법령해석,lawService.do,mssCgmExpc
cgmExpcMouListGuide,통일부 법령해석 목록,부처 법령해석,lawSearch.do,mouCgmExpc
cgmExpcMouInfoGuide,통일부 법령해석 본문,부처 법령해석,lawService.do,mouCgmExpc
cgmExpcMolegListGuide,법제처 법령해석 목록,부처 법령해석,lawSearch.do,molegCgmExpc
cgmExpcMolegInfoGuide,법제처 법령해석 본문,부처 법령해석,lawService.do,molegCgmExpc
cgmExpcMfdsListGuide,식품의약품안전처 법령해석 목록,부처 법령해석,lawSearch.do,mfdsCgmExpc
cgmExpcMfdsInfoGuide,식품의약품안전처 법령해석 본문,부처 법령해석,lawService.do,mfdsCgmExpc
cgmExpcMpmListGuide,인사혁신처 법령해석 목록,부처 법령해석,lawSearch.do,mpmCgmExpc
cgmExpcMpmInfoGuide,인사혁신처 법령해석 본문,부처 법령해석,lawService.do,mpmCgmExpc
cgmExpcKmaListGuide,기상청 법령해석 목록,부처 법령해석,lawSearch.do,kmaCgmExpc
cgmExpcKmaInfoGuide,기상청 법령해석 본문,부처 법령해석,lawService.do,kmaCgmExpc
cgmExpcKhsListGuide,국가유산청 법령해석 목록,부처 법령해석,lawSearch.do,khsCgmExpc
cgmExpcKhsInfoGuide,국가유산청 법령해석 본문,부처 법령해석,lawService.do,khsCgmExpc
cgmExpcRdaListGuide,농촌진흥청 법령해석 목록,부처 법령해석,lawSearch.do,rdaCgmExpc
cgmExpcRdaInfoGuide,농촌진흥청 법령해석 본문,부처 법령해석,lawService.do,rdaCgmExpc
cgmExpcNpaListGuide,경찰청 법령해석 목록,부처 법령해석,lawSearch.do,npaCgmExpc
cgmExpcNpaInfoGuide,경찰청 법령해석 본문,부처 법령해석,lawService.do,npaCgmExpc
cgmExpcDapaListGuide,방위사업청 법령해석 목록,부처 법령해석,lawSearch.do,dapaCgmExpc
cgmExpcDapaInfoGuide,방위사업청 법령해석 본문,부처 법령해석,lawService.do,dapaCgmExpc
cgmExpcMmaListGuide,병무청 법령해석 목록,부처 법령해석,lawSearch.do,mmaCgmExpc
cgmExpcMmaInfoGuide,병무청 법령해석 본문,부처 법령해석,lawService.do,mmaCgmExpc
cgmExpcKfsListGuide,산림청 법령해석 목록,부처 법령해석,lawSearch.do,kfsCgmExpc
cgmExpcKfsInfoGuide,산림청 법령해석 본문,부처 법령해석,lawService.do,kfsCgmExpc
cgmExpcNfaListGuide,소방청 법령해석 목록,부처 법령해석,lawSearch.do,nfaCgmExpc
cgmExpcNfaInfoGuide,소방청 법령해석 본문,부처 법령해석,lawService.do,nfaCgmExpc
cgmExpcOkaListGuide,재외동포청 법령해석 목록,부처 법령해석,lawSearch.do,okaCgmExpc
cgmExpcOkaInfoGuide,재외동포청 법령해석 본문,부처 법령해석,lawService.do,okaCgmExpc
cgmExpcPpsListGuide,조달청 법령해석 목록,부처 법령해석,lawSearch.do,ppsCgmExpc
cgmExpcPpsInfoGuide,조달청 법령해석 본문,부처 법령해석,lawService.do,ppsCgmExpc
cgmExpcKdcaListGuide,질병관리청 법령해석 목록,부처 법령해석,lawSearch.do,kdcaCgmExpc
cgmExpcKdcaInfoGuide,질병관리청 법령해석 본문,부처 법령해석,lawService.do,kdcaCgmExpc
cgmExpcKostatListGuide,국가데이터처 법령해석 목록,부처 법령해석,lawSearch.do,kostatCgmExpc
cgmExpcKostatInfoGuide,국가데이터처 법령해석 본문,부처 법령해석,lawService.do,kostatCgmExpc
cgmExpcKipoListGuide,지식재산처 법령해석 목록,부처 법령해석,lawSearch.do,kipoCgmExpc
cgmExpcKipoInfoGuide,지식재산처 법령해석 본문,부처 법령해석,lawService.do,kipoCgmExpc
cgmExpcKcgListGuide,해양경찰청 법령해석 목록,부처 법령해석,lawSearch.do,kcgCgmExpc
cgmExpcKcgInfoGuide,해양경찰청 법령해석 본문,부처 법령해석,lawService.do,kcgCgmExpc
cgmExpcNaaccListGuide,행정중심복합도시건설청,부처 법령해석,lawSearch.do,naaccCgmExpc
cgmExpcNaaccInfoGuide,행정중심복합도시건설청,부처 법령해석,lawService.do,naaccCgmExpc
specialDeccTtListGuide,조세심판원,위원회 결정문,lawSearch.do,ttSpecialDecc
specialDeccTtInfoGuide,조세심판원,위원회 결정문,lawService.do,ttSpecialDecc
specialDeccKmstListGuide,해양안전심판원,위원회 결정문,lawSearch.do,kmstSpecialDecc
specialDeccKmstInfoGuide,해양안전심판원,위원회 결정문,lawService.do,kmstSpecialDecc
specialDeccAcrListGuide,국민권익위원회,위원회 결정문,lawSearch.do,acrSpecialDecc
specialDeccAcrInfoGuide,국민권익위원회,위원회 결정문,lawService.do,acrSpecialDecc
specialDeccAdapListGuide,인사혁신처 소청심사위원회,위원회 결정문,lawSearch.do,adapSpecialDecc
specialDeccAdapInfoGuide,인사혁신처 소청심사위원회,위원회 결정문,lawService.do,adapSpecialDecc
baiPvcsListGuide,감사원 사전컨설팅,위원회 결정문,lawSearch.do,baiPvcs
baiPvcsInfoGuide,감사원 사전컨설팅,위원회 결정문,lawService.do,baiPvcs
