id,핵심어,조문(aiSearch) 정답 순위,aiSearch 1위,판례(본문),법령해석례(본문),국토부 해석,행정심판례,행정규칙,자치법규,법령 별표·서식,법령용어,일상용어
Q01,임대차 해지,,상속세 및 증여세법 시행규칙 제16조의2,1153,268,2,5,0,0,2,0,0
Q02,전세권설정,,주택임대차보호법 시행령 제1조,757,24,1,0,3,1,0,0,0
Q04,전세자금대출,,종합부동산세법 시행령 제3조,209,0,0,0,0,31,0,0,2
Q05,원상복구,,동물보호법 제81조,603,30,12,48,0,2,8,3,14
Q06,차임,1.0,민법 제618조,2028,14,1,0,1,3,1,4,14
Q07,층간소음,3.0,공동주택 층간소음의 범위와 기준에 관한 규칙 제1조,13,4,1,0,2,116,1,2,7
Q09,가계약금,,민법 제465조,119,0,0,0,1,0,0,2,0
Q10,청년 월세,,주거기본법 제13조,3,9,0,1,0,8,0,0,0
Q11,주거침입,,지방세특례제한법 시행령 제17조의3,432,0,0,0,0,0,0,2,3
Q12,임대차 신고,,민간임대주택에 관한 특별법 시행령 제36조,3568,2172,6,0,0,3,9,0,1
T01,계약갱신요구,1.0,주택임대차보호법 제6조의3,715,14,21,0,0,0,0,0,1
T02,임대차 신고,9.0,부동산 거래신고 등에 관한 법률 시행규칙 제6조의2,3568,2172,6,0,0,3,9,0,1
